{"cameraMode":{"drawMode":0,"name":"Shaded","section":"Shading Mode"},"sceneLighting":false,"audioPlay":false,"sceneViewState":{"m_AlwaysRefresh":false,"showFog":true,"showSkybox":false,"showFlares":true,"showImageEffects":true,"showParticleSystems":true,"showVisualEffectGraphs":true,"m_FxEnabled":true},"in2DMode":false,"pivot":{"x":7.020000457763672,"y":0.6500005722045898,"z":2.184999465942383},"rotation":{"x":0.01975494995713234,"y":-0.07342417538166046,"z":0.0014554538065567613,"w":0.9971051812171936},"size":2.452683448791504,"orthographic":false}