{"cameraMode":{"drawMode":0,"name":"Shaded","section":"Shading Mode"},"sceneLighting":true,"audioPlay":false,"sceneViewState":{"m_AlwaysRefresh":false,"showFog":true,"showSkybox":true,"showFlares":true,"showImageEffects":true,"showParticleSystems":true,"showVisualEffectGraphs":true,"m_FxEnabled":true},"in2DMode":false,"pivot":{"x":26.172372817993165,"y":9.744121551513672,"z":1.7744287252426148},"rotation":{"x":-0.27257832884788515,"y":0.45336616039276125,"z":-0.14788450300693513,"w":-0.8356379270553589},"size":0.11090755462646485,"orthographic":false}